Title,Source,Published
Trump’s grip on the party threatens his grasp of Congress - Politico,Politico,2026-05-20T09:55:00Z
"FKA Twigs Told to 'Embrace New Name' By The Twigs Back in 2013, Alleged Emails Show - TMZ",TMZ,2026-05-20T07:30:38Z
UK quietly issues sanctions waivers on Russian oil products - The Kyiv Independent,Kyivindependent.com,2026-05-20T06:23:33Z
Nvidia's Earnings Are Hours Away. Here Are 3 Things to Watch. - Yahoo Finance,Motley Fool,2026-05-20T05:46:00Z
"Live Updates: Trump says he was ""an hour away"" from striking Iran, insists war is ""very popular"" - CBS News",CBS News,2026-05-20T05:45:00Z
WHO chief concerned over 'scale and speed' of Ebola outbreak - NPR,NPR,2026-05-20T05:36:28Z
‘Relics of the past’: The old guard of Georgia’s GOP has fallen - Politico,Politico,2026-05-20T05:26:18Z
Pentagon says U.S. will cut thousands of troops from Europe - The Washington Post,The Washington Post,2026-05-20T04:42:00Z
"American passenger on hantavirus-hit cruise feels 'blindsided,' 'misled' by new quarantine orders - KSL.com",KSL.com,2026-05-20T04:32:27Z
"Target is set to report first-quarter earnings, offer read on consumer - CNBC",CNBC,2026-05-20T04:01:01Z
